t_ms,accel,steer_deg,speed_req_kmh,perception
0,0.0,1.0,30,2
20,0.0,1.0,30,2
40,0.0,1.0,30,2
60,0.0,1.0,30,2
80,0.0,0.99,30,2
100,0.0,0.99,30,2
120,0.0,0.98,30,2
140,0.0,0.98,30,2
160,0.0,0.97,30,2
180,0.0,0.96,30,2
200,0.0,0.95,30,2
220,0.0,0.94,30,2
240,0.0,0.93,30,2
260,0.0,0.92,30,2
280,0.0,0.9,30,2
300,0.0,0.89,30,2
320,0.0,0.88,30,2
340,0.0,0.86,30,2
360,0.0,0.84,30,2
380,0.0,0.83,30,2
400,0.0,0.81,30,2
420,0.0,0.79,30,2
440,0.0,0.77,30,2
460,0.0,0.75,30,2
480,0.0,0.73,30,2
500,0.0,0.71,30,2
520,0.0,0.68,30,2
540,0.0,0.66,30,2
560,0.0,0.64,30,2
580,0.0,0.61,30,2
600,0.0,0.59,30,2
620,0.0,0.56,30,2
640,0.0,0.54,30,2
660,0.0,0.51,30,2
680,0.0,0.48,30,2
700,0.0,0.45,30,2
720,0.0,0.43,30,2
740,0.0,0.4,30,2
760,0.0,0.37,30,2
780,0.0,0.34,30,2
800,0.0,0.31,30,2
820,0.0,0.28,30,2
840,0.0,0.25,30,2
860,0.0,0.22,30,2
880,0.0,0.19,30,2
900,0.0,0.16,30,2
920,0.0,0.13,30,2
940,0.0,0.09,30,2
960,0.0,0.06,30,2
980,0.0,0.03,30,2
1000,0.0,0.0,30,2
1020,0.0,-0.03,30,2
1040,0.0,-0.06,30,2
1060,0.0,-0.09,30,2
1080,0.0,-0.13,30,2
1100,0.0,-0.16,30,2
1120,0.0,-0.19,30,2
1140,0.0,-0.22,30,2
1160,0.0,-0.25,30,2
1180,0.0,-0.28,30,2
1200,0.0,-0.31,30,2
1220,0.0,-0.34,30,2
1240,0.0,-0.37,30,2
1260,0.0,-0.4,30,2
1280,0.0,-0.43,30,2
1300,0.0,-0.45,30,2
1320,0.0,-0.48,30,2
1340,0.0,-0.51,30,2
1360,0.0,-0.54,30,2
1380,0.0,-0.56,30,2
1400,0.0,-0.59,30,2
1420,0.0,-0.61,30,2
1440,0.0,-0.64,30,2
1460,0.0,-0.66,30,2
1480,0.0,-0.68,30,2
1500,0.0,-0.71,30,2
1520,0.0,-0.73,30,2
1540,0.0,-0.75,30,2
1560,0.0,-0.77,30,2
1580,0.0,-0.79,30,2
1600,0.0,-0.81,30,2
1620,0.0,-0.83,30,2
1640,0.0,-0.84,30,2
1660,0.0,-0.86,30,2
1680,0.0,-0.88,30,2
1700,0.0,-0.89,30,2
1720,0.0,-0.9,30,2
1740,0.0,-0.92,30,2
1760,0.0,-0.93,30,2
1780,0.0,-0.94,30,2
1800,0.0,-0.95,30,2
1820,0.0,-0.96,30,2
1840,0.0,-0.97,30,2
1860,0.0,-0.98,30,2
1880,0.0,-0.98,30,2
1900,0.0,-0.99,30,2
1920,0.0,-0.99,30,2
1940,0.0,-1.0,30,2
1960,0.0,-1.0,30,2
1980,0.0,-1.0,30,2
2000,0.0,-1.0,30,2
2020,0.0,-1.0,30,2
2040,0.0,-1.0,30,2
2060,0.0,-1.0,30,2
2080,0.0,-0.99,30,2
2100,0.0,-0.99,30,2
2120,0.0,-0.98,30,2
2140,0.0,-0.98,30,2
2160,0.0,-0.97,30,2
2180,0.0,-0.96,30,2
2200,0.0,-0.95,30,2
2220,0.0,-0.94,30,2
2240,0.0,-0.93,30,2
2260,0.0,-0.92,30,2
2280,0.0,-0.9,30,2
2300,0.0,-0.89,30,2
2320,0.0,-0.88,30,2
2340,0.0,-0.86,30,2
2360,0.0,-0.84,30,2
2380,0.0,-0.83,30,2
2400,0.0,-0.81,30,2
2420,0.0,-0.79,30,2
2440,0.0,-0.77,30,2
2460,0.0,-0.75,30,2
2480,0.0,-0.73,30,2
2500,0.0,-0.71,30,2
2520,0.0,-0.68,30,2
2540,0.0,-0.66,30,2
2560,0.0,-0.64,30,2
2580,0.0,-0.61,30,2
2600,0.0,-0.59,30,2
2620,0.0,-0.56,30,2
2640,0.0,-0.54,30,2
2660,0.0,-0.51,30,2
2680,0.0,-0.48,30,2
2700,0.0,-0.45,30,2
2720,0.0,-0.43,30,2
2740,0.0,-0.4,30,2
2760,0.0,-0.37,30,2
2780,0.0,-0.34,30,2
2800,0.0,-0.31,30,2
2820,0.0,-0.28,30,2
2840,0.0,-0.25,30,2
2860,0.0,-0.22,30,2
2880,0.0,-0.19,30,2
2900,0.0,-0.16,30,2
2920,0.0,-0.13,30,2
2940,0.0,-0.09,30,2
2960,0.0,-0.06,30,2
2980,0.0,-0.03,30,2
3000,0.0,-0.0,30,2
3020,0.0,0.03,30,2
3040,0.0,0.06,30,2
3060,0.0,0.09,30,2
3080,0.0,0.13,30,2
3100,0.0,0.16,30,2
3120,0.0,0.19,30,2
3140,0.0,0.22,30,2
3160,0.0,0.25,30,2
3180,0.0,0.28,30,2
3200,0.0,0.31,30,2
3220,0.0,0.34,30,2
3240,0.0,0.37,30,2
3260,0.0,0.4,30,2
3280,0.0,0.43,30,2
3300,0.0,0.45,30,2
3320,0.0,0.48,30,2
3340,0.0,0.51,30,2
3360,0.0,0.54,30,2
3380,0.0,0.56,30,2
3400,0.0,0.59,30,2
3420,0.0,0.61,30,2
3440,0.0,0.64,30,2
3460,0.0,0.66,30,2
3480,0.0,0.68,30,2
3500,0.0,0.71,30,2
3520,0.0,0.73,30,2
3540,0.0,0.75,30,2
3560,0.0,0.77,30,2
3580,0.0,0.79,30,2
3600,0.0,0.81,30,2
3620,0.0,0.83,30,2
3640,0.0,0.84,30,2
3660,0.0,0.86,30,2
3680,0.0,0.88,30,2
3700,0.0,0.89,30,2
3720,0.0,0.9,30,2
3740,0.0,0.92,30,2
3760,0.0,0.93,30,2
3780,0.0,0.94,30,2
3800,0.0,0.95,30,2
3820,0.0,0.96,30,2
3840,0.0,0.97,30,2
3860,0.0,0.98,30,2
3880,0.0,0.98,30,2
3900,0.0,0.99,30,2
3920,0.0,0.99,30,2
3940,0.0,1.0,30,2
3960,0.0,1.0,30,2
3980,0.0,1.0,30,2
4000,0.0,1.0,30,2
4020,0.0,1.0,30,2
4040,0.0,1.0,30,2
4060,0.0,1.0,30,2
4080,0.0,0.99,30,2
4100,0.0,0.99,30,2
4120,0.0,0.98,30,2
4140,0.0,0.98,30,2
4160,0.0,0.97,30,2
4180,0.0,0.96,30,2
4200,0.0,0.95,30,2
4220,0.0,0.94,30,2
4240,0.0,0.93,30,2
4260,0.0,0.92,30,2
4280,0.0,0.9,30,2
4300,0.0,0.89,30,2
4320,0.0,0.88,30,2
4340,0.0,0.86,30,2
4360,0.0,0.84,30,2
4380,0.0,0.83,30,2
4400,0.0,0.81,30,2
4420,0.0,0.79,30,2
4440,0.0,0.77,30,2
4460,0.0,0.75,30,2
4480,0.0,0.73,30,2
4500,0.0,0.71,30,2
4520,0.0,0.68,30,2
4540,0.0,0.66,30,2
4560,0.0,0.64,30,2
4580,0.0,0.61,30,2
4600,0.0,0.59,30,2
4620,0.0,0.56,30,2
4640,0.0,0.54,30,2
4660,0.0,0.51,30,2
4680,0.0,0.48,30,2
4700,0.0,0.45,30,2
4720,0.0,0.43,30,2
4740,0.0,0.4,30,2
4760,0.0,0.37,30,2
4780,0.0,0.34,30,2
4800,0.0,0.31,30,2
4820,0.0,0.28,30,2
4840,0.0,0.25,30,2
4860,0.0,0.22,30,2
4880,0.0,0.19,30,2
4900,0.0,0.16,30,2
4920,0.0,0.13,30,2
4940,0.0,0.09,30,2
4960,0.0,0.06,30,2
4980,0.0,0.03,30,2
5000,0.0,0.0,30,2
5020,0.0,-0.03,30,2
5040,0.0,-0.06,30,2
5060,0.0,-0.09,30,2
5080,0.0,-0.13,30,2
5100,0.0,-0.16,30,2
5120,0.0,-0.19,30,2
5140,0.0,-0.22,30,2
5160,0.0,-0.25,30,2
5180,0.0,-0.28,30,2
5200,0.0,-0.31,30,2
5220,0.0,-0.34,30,2
5240,0.0,-0.37,30,2
5260,0.0,-0.4,30,2
5280,0.0,-0.43,30,2
5300,0.0,-0.45,30,2
5320,0.0,-0.48,30,2
5340,0.0,-0.51,30,2
5360,0.0,-0.54,30,2
5380,0.0,-0.56,30,2
5400,0.0,-0.59,30,2
5420,0.0,-0.61,30,2
5440,0.0,-0.64,30,2
5460,0.0,-0.66,30,2
5480,0.0,-0.68,30,2
5500,0.0,-0.71,30,2
5520,0.0,-0.73,30,2
5540,0.0,-0.75,30,2
5560,0.0,-0.77,30,2
5580,0.0,-0.79,30,2
5600,0.0,-0.81,30,2
5620,0.0,-0.83,30,2
5640,0.0,-0.84,30,2
5660,0.0,-0.86,30,2
5680,0.0,-0.88,30,2
5700,0.0,-0.89,30,2
5720,0.0,-0.9,30,2
5740,0.0,-0.92,30,2
5760,0.0,-0.93,30,2
5780,0.0,-0.94,30,2
5800,0.0,-0.95,30,2
5820,0.0,-0.96,30,2
5840,0.0,-0.97,30,2
5860,0.0,-0.98,30,2
5880,0.0,-0.98,30,2
5900,0.0,-0.99,30,2
5920,0.0,-0.99,30,2
5940,0.0,-1.0,30,2
5960,0.0,-1.0,30,2
5980,0.0,-1.0,30,2
6000,0.0,0.2,30,2
6020,0.0,1.4,30,2
6040,0.0,2.6,30,2
6060,0.0,3.8,30,2
6080,0.0,5.0,30,2
6100,0.0,6.2,30,2
6120,0.0,7.4,30,2
6140,0.0,8.6,30,2
6160,0.0,9.8,30,2
6180,0.0,11.0,30,2
6200,0.0,12.2,30,2
6220,0.0,13.4,30,2
6240,0.0,14.6,30,2
6260,0.0,15.8,30,2
6280,0.0,17.0,30,2
6300,0.0,17.0,30,2
6320,0.0,17.0,30,2
6340,0.0,17.0,30,2
6360,0.0,17.0,30,2
6380,0.0,17.0,30,2
6400,0.0,17.0,30,2
6420,0.0,17.0,30,2
6440,0.0,17.0,30,2
6460,0.0,17.0,30,2
6480,0.0,17.0,30,2
6500,0.0,17.0,30,2
6520,0.0,17.0,30,2
6540,0.0,17.0,30,2
6560,0.0,17.0,30,2
6580,0.0,17.0,30,2
6600,0.0,17.0,30,2
6620,0.0,17.0,30,2
6640,0.0,17.0,30,2
6660,0.0,17.0,30,2
6680,0.0,17.0,30,2
6700,0.0,17.0,30,2
6720,0.0,17.0,30,2
6740,0.0,17.0,30,2
6760,0.0,17.0,30,2
6780,0.0,17.0,30,2
6800,0.0,17.0,30,2
6820,0.0,17.0,30,2
6840,0.0,17.0,30,2
6860,0.0,17.0,30,2
6880,0.0,17.0,30,2
6900,0.0,17.0,30,2
6920,0.0,17.0,30,2
6940,0.0,17.0,30,2
6960,0.0,17.0,30,2
6980,0.0,17.0,30,2
7000,0.0,17.0,30,2
7020,0.0,17.0,30,2
7040,0.0,17.0,30,2
7060,0.0,17.0,30,2
7080,0.0,17.0,30,2
7100,0.0,17.0,30,2
7120,0.0,17.0,30,2
7140,0.0,17.0,30,2
7160,0.0,17.0,30,2
7180,0.0,17.0,30,2
7200,0.0,17.0,30,2
7220,0.0,17.0,30,2
7240,0.0,17.0,30,2
7260,0.0,17.0,30,2
7280,0.0,17.0,30,2
7300,0.0,17.0,30,2
7320,0.0,17.0,30,2
7340,0.0,17.0,30,2
7360,0.0,17.0,30,2
7380,0.0,17.0,30,2
7400,0.0,17.0,30,2
7420,0.0,17.0,30,2
7440,0.0,17.0,30,2
7460,0.0,17.0,30,2
7480,0.0,17.0,30,2
7500,0.0,17.0,30,2
7520,0.0,17.0,30,2
7540,0.0,17.0,30,2
7560,0.0,17.0,30,2
7580,0.0,17.0,30,2
7600,0.0,17.0,30,2
7620,0.0,17.0,30,2
7640,0.0,17.0,30,2
7660,0.0,17.0,30,2
7680,0.0,17.0,30,2
7700,0.0,17.0,30,2
7720,0.0,17.0,30,2
7740,0.0,17.0,30,2
7760,0.0,17.0,30,2
7780,0.0,17.0,30,2
7800,0.0,17.0,30,2
7820,0.0,17.0,30,2
7840,0.0,17.0,30,2
7860,0.0,17.0,30,2
7880,0.0,17.0,30,2
7900,0.0,17.0,30,2
7920,0.0,17.0,30,2
7940,0.0,17.0,30,2
7960,0.0,17.0,30,2
7980,0.0,17.0,30,2
8000,0.0,17.0,30,2
8020,0.0,17.0,30,2
8040,0.0,17.0,30,2
8060,0.0,17.0,30,2
8080,0.0,17.0,30,2
8100,0.0,17.0,30,2
8120,0.0,17.0,30,2
8140,0.0,17.0,30,2
8160,0.0,17.0,30,2
8180,0.0,17.0,30,2
8200,0.0,17.0,30,2
8220,0.0,17.0,30,2
8240,0.0,17.0,30,2
8260,0.0,17.0,30,2
8280,0.0,17.0,30,2
8300,0.0,17.0,30,2
8320,0.0,17.0,30,2
8340,0.0,17.0,30,2
8360,0.0,17.0,30,2
8380,0.0,17.0,30,2
8400,0.0,17.0,30,2
8420,0.0,17.0,30,2
8440,0.0,17.0,30,2
8460,0.0,17.0,30,2
8480,0.0,17.0,30,2
8500,0.0,17.0,30,2
8520,0.0,17.0,30,2
8540,0.0,17.0,30,2
8560,0.0,17.0,30,2
8580,0.0,17.0,30,2
8600,0.0,17.0,30,2
8620,0.0,17.0,30,2
8640,0.0,17.0,30,2
8660,0.0,17.0,30,2
8680,0.0,17.0,30,2
8700,0.0,17.0,30,2
8720,0.0,17.0,30,2
8740,0.0,17.0,30,2
8760,0.0,17.0,30,2
8780,0.0,17.0,30,2
8800,0.0,17.0,30,2
8820,0.0,17.0,30,2
8840,0.0,17.0,30,2
8860,0.0,17.0,30,2
8880,0.0,17.0,30,2
8900,0.0,17.0,30,2
8920,0.0,17.0,30,2
8940,0.0,17.0,30,2
8960,0.0,17.0,30,2
8980,0.0,17.0,30,2
9000,0.0,17.0,30,2
9020,0.0,17.0,30,2
9040,0.0,17.0,30,2
9060,0.0,17.0,30,2
9080,0.0,17.0,30,2
9100,0.0,17.0,30,2
9120,0.0,17.0,30,2
9140,0.0,17.0,30,2
9160,0.0,17.0,30,2
9180,0.0,17.0,30,2
9200,0.0,17.0,30,2
9220,0.0,17.0,30,2
9240,0.0,17.0,30,2
9260,0.0,17.0,30,2
9280,0.0,17.0,30,2
9300,0.0,17.0,30,2
9320,0.0,17.0,30,2
9340,0.0,17.0,30,2
9360,0.0,17.0,30,2
9380,0.0,17.0,30,2
9400,0.0,17.0,30,2
9420,0.0,17.0,30,2
9440,0.0,17.0,30,2
9460,0.0,17.0,30,2
9480,0.0,17.0,30,2
9500,0.0,17.0,30,2
9520,0.0,17.0,30,2
9540,0.0,17.0,30,2
9560,0.0,17.0,30,2
9580,0.0,17.0,30,2
9600,0.0,17.0,30,2
9620,0.0,17.0,30,2
9640,0.0,17.0,30,2
9660,0.0,17.0,30,2
9680,0.0,17.0,30,2
9700,0.0,17.0,30,2
9720,0.0,17.0,30,2
9740,0.0,17.0,30,2
9760,0.0,17.0,30,2
9780,0.0,17.0,30,2
9800,0.0,17.0,30,2
9820,0.0,17.0,30,2
9840,0.0,17.0,30,2
9860,0.0,17.0,30,2
9880,0.0,17.0,30,2
9900,0.0,17.0,30,2
9920,0.0,17.0,30,2
9940,0.0,17.0,30,2
9960,0.0,17.0,30,2
9980,0.0,17.0,30,2
10000,0.0,17.0,30,2
